,Tweet,Time
0,ğŸ¤— ,2023-01-21 22:49:04
1,"Also, there will be a higher priced subscription that allows zero ads",2023-01-21 17:49:22
2,Ads are too frequent on Twitter and too big. Taking steps to address both in coming weeks.,2023-01-21 17:41:22
3,Je me souviens Pluto ğŸ¥¹,2023-01-21 09:07:40
4,(Tweets will be translated before being recommended),2023-01-21 00:40:35
5,There are epic tweets in other countries every day (Japan especially),2023-01-21 00:35:56
6,"Next Twitter update will remember whether you were on For You (ie recommended), Following or list you made &amp; stop sâ€¦ ",2023-01-21 00:31:38
7,"In coming months, Twitter will translate &amp; recommend amazing tweets from people in other countries &amp; cultures",2023-01-21 00:18:21
8,"Exactly! If companies post interesting or entertaining content, they will gain an audience rapidly. ",2023-01-20 23:23:17
9,"Major Twitter improvement we just released is that you can now bookmark tweets from tweet details page.

Importantlâ€¦ ",2023-01-20 20:30:40
10,"Twitter is arguably already the least wrong source of truth on the Internet, but we obviously still have a long wayâ€¦ ",2023-01-19 21:01:35
11,ğŸ›¡ï¸ VE RI TAS ğŸ›¡ï¸,2023-01-19 10:54:51
12,"To be clear, Iâ€™m not someone who thinks lots of government agencies should be abolished (maybe a few), but we shoulâ€¦ ",2023-01-18 18:34:59
13,Why did American media go from questioning the State and â€œspeaking truth to powerâ€ to doing their bidding?,2023-01-18 18:24:13
14,The World Economic Forum should control the world,2023-01-18 16:49:31
15,"Media want to control what you know, which is why citizen journalism is essential ",2023-01-18 16:30:55
16,"The party is on!! ğŸš€ ğŸ’« â™¥ï¸
",2023-01-17 17:52:24
17,"Companies in general are missing the incredible opportunity that Twitter provides to reach customers. 

Just Tweetâ€¦ ",2023-01-17 17:20:58
18,The Car Aquatic ,2023-01-17 17:15:51
19,"Trashing accounts that you hate will cause our algorithm to show you more of those accounts, as it is keying off ofâ€¦ ",2023-01-17 03:47:49
